,SMILES,Dipole moments (Debye),charge status (extar electron number)
1,O[S](O)(=O)=O,2.482674641,0
2,OC(CC([O-])=O)(CC([O-])=O)C([O-])=O,2.884870794,3
3,C[P](O)(=O)CCC(N)C([O-])=O,10.39389171,1
4,c1ccc(cc1)[P](=[N+]=[P](c2ccccc2)(c3ccccc3)c4ccccc4)(c5ccccc5)c6ccccc6,1.142034957,-1
5,ClCC[NH2+]CCCl,3.444716464,-1
6,NCCO,1.266523817,0
7,OC(=O)c1nc(Cl)ccc1Cl,2.128142886,0
8,CC(=C)C(=O)OCC[N+](C)(C)CCC[S]([O-])(=O)=O,18.71292841,0
9,CCCCCCCCCCCCCC[N+](C)(C)C,21.48072968,-1
10,CCCC[N+](CCCC)(CCCC)CCCC,1.673201306,-1
11,O[S]([O-])(=O)=O,2.211984772,1
12,C[N+](C)(C)C,0.001235371,-1
13,C[N+](C)(C)Cc1ccccc1,6.253144115,-1
14,CCCCCCCCCCCC[N+](C)(C)CCCCCCCCCCCC,10.19417197,-1
15,CC[N+](CC)(CC)CC,0.470398052,-1
16,CCCCCC[N+](CCCCCC)(CCCCCC)CCCCCC,0.000459667,-1
17,C[N+](C)(CC=C)CC=C,2.624518045,-1
18,CCC[N+](CCC)(CCC)CCC,0.725522316,-1
19,F[B-](F)(F)F,0.001590361,1
20,CCCCCCCCCC[N+](C)(C)C,16.31523221,-1
21,CCCCCCCC[N+](C)(CCCCCCCC)CCCCCCCC,3.295888234,-1
22,C[N+](C)(C)CCBr,8.808758039,-1
23,C[N+](C)(C)CC1CO1,4.331805336,-1
24,CCCCCCCCCCCCCCCC[N+](C)(C)CC,25.55839437,-1
25,CCCCCCCCCCCC[N+](C)(C)C,18.54047361,-1
26,CCCCCCCCCCCCCCCC[N+](C)(C)Cc1ccccc1,5.930356931,-1
27,C[N+](C)(C)CCCl,5.930356931,-1
28,CCCCCCCCCCCCCCCC[N+](C)(C)C,27.26289418,-1
29,CCCCCCCCCCCC[N+](C)(C)Cc1ccccc1,14.62441632,-1
30,CCCC[N+](CCCC)(CCCC)Cc1ccccc1,2.129188473,-1
31,CC[N+](CC)(CC)Cc1ccccc1,4.32361534,-1
32,CCCC[N+](CC)(CC)CC,2.644939675,-1
33,O[C@@H]1[C@@H](O)[C@@H](O[C@@H]([C@H]1O)C([O-])=O)Oc2c[nH]c3cc(Cl)ccc23,12.61977932,1
34,CN(C)[CH+]Cl,3.428133589,-1
35,CN(C)[C+](Cl)Cl,4.029910024,-1
36,CCCCCCCCCC[N+](C)(C)CCCCCCCCCC,8.74590578,-1
37,CCNCC,0.890323502,0
38,CCN(CC)C(S)=S,4.684168897,0
39,CCCCCCCCCCCCCCCCCC[N+](C)(C)CCCCCCCCCCCCCCCCCC,#VALUE!,-1
40,CN(C)[CH2+],0.738592625,-1
41,CCCCCC[N+](C)(C)C,8.496360095,-1
42,C[N+](C)(C)CI,9.027145681,-1
43,OCC[S]([O-])(=O)=O,3.697456575,1
44,CCCC[N+](C)(CCCC)CCCC,1.456875933,-1
45,CCCCCCCCCCCCCCCCCC[N+](C)(C)C,32.05785785,-1
46,C[N+](C)(C)c1ccccc1,4.534966376,-1
47,SC(=S)N1CCCC1,5.318663788,0
48,CC([O-])=O,2.998535692,1
49,[N-]=[N+]=[N-],0.000771283,1
50,F[P-](F)(F)(F)(F)F,0.001009895,1
51,[O-][N+]([O-])=O,0.000421059,1
52,[O-][Cl](=O)(=O)=O,0.000931519,1
53,O[P](O)([O-])=O,2.71521144,1
54,c1ccc(cc1)[B-](c2ccccc2)(c3ccccc3)c4ccccc4,0.00431017,1
55,[O-]C(=O)C(F)(F)F,4.66316511,1
56,CCCCCCCCCCCC[N+](CCCCCCCCCCCC)(CCCCCCCCCCCC)CCCCCCCCCCCC,#VALUE!,-1
57,CCCCCCC[N+](CCCCCCC)(CCCCCCC)CCCCCCC,2.261900762,-1
58,[O-][S]([O-])(=O)=O,1.283905993,2
59,CCCCCCCCCCCCCCCCCC[N+](CCCCCCCCCCCCCCCCCC)(CCCCCCCCCCCCCCCCCC)CCCCCCCCCCCCCCCCCC,#VALUE!,-1
60,CCCCCCCC[N+](CCCCCCCC)(CCCCCCCC)CCCCCCCC,0.0026261,-1
61,CCCCC[N+](CCCCC)(CCCCC)CCCCC,1.351868097,-1
62,CC[N+](C)(CC)CC,0.677330584,-1
63,CCCCCCCC[N+](C)(C)C,13.56988978,-1
64,CO[S]([O-])(=O)=O,3.39647169,1
65,CO[Si](CCC[N+](C)(C)C)(OC)OC,14.77974353,-1
66,CC1=C(N2[C@H](SC1)[C@H](NC(=O)[C@H](N)c3ccccc3)C2=O)C(O)=O,3.551031478,0
67,[NH3+]O,3.374067621,1
68,NO,2.983886572,0
69,O[P]([O-])([O-])=O,2.489792398,1
70,CC[N+](CC)(CC)[S]([O-])(=O)=NC(=O)OC,6.524773235,0
71,OC(=O)C(O)(CC([O-])=O)CC([O-])=O,7.618655174,2
72,C[N+](C)(CCO)CCO,2.206344559,-1
73,OCC[N+](CCO)(CCO)CCO,0.347089191,-1
74,CNC,0.912675769,0
75,CN(C)C(O)=O,2.656449604,0
76,CCCC[NH2+]CCCC,2.821789967,-1
77,O[C@@H]1[C@@H](O)[C@@H](O[C@@H]([C@H]1O)C([O-])=O)Oc2c[nH]c3ccc(Br)c(Cl)c23,14.71915342,1
78,OC(=O)CN(CCN(CC(O)=O)CC([O-])=O)CC([O-])=O,8.563866872,2
79,Nc1cccc2ccccc12,1.660695273,0
80,[NH3+]c1ccc2ccccc2c1,10.42161119,-1
81,NCCc1ccc(Cl)cc1,2.155368996,0
82,NCCc1ccc(O)cc1,0.817590104,0
83,COc1ccc(CCN)cc1,1.584499607,0
84,Nc1ccc(cc1)C(F)(F)F,5.224818782,0
85,NCCCCC(O)=O,2.759368031,0
86,C1CC[N+]2(C1)CCCC2,0.470091844,-1
87,NC1CCCCC1,1.172488599,0
88,CCCCNCCCC,0.900718147,0
89,CC[NH2+]CC,1.667356656,-1
90,CC(C)[NH2+]C(C)C,1.9856891,-1
91,C[NH2+]C,1.430242467,-1
92,[NH2+](c1ccccc1)c2ccccc2,2.712517226,-1
93,N(c1ccccc1)c2ccccc2,0.920026635,0
94,NCCN,1.573131356,0
95,CCN,1.234485621,0
96,NC=N,3.603569803,0
97,NC(N)=N,2.844537179,0
98,[NH3+]CCCCCC[NH3+],3.477395433,-2
99,CC(C)CCN,1.276394177,0
100,C[NH3+],2.160851621,-1
101,C1COCCN1,0.448207351,0
102,CCCCCCCCN,1.072226156,0
103,CCCCCN,1.34626068,0
104,NCCc1ccccc1,1.088889618,0
105,Nc1ccccc1,1.731838012,0
106,C1CNCCN1,0.00951856,0
107,C1CCNCC1,1.15491571,0
108,C1CC[NH2+]CC1,3.806711314,-1
109,NCCCN,1.664328832,0
110,C1CCNC1,1.266732736,0
111,C1CN2CCC1CC2,1.051880795,0
112,CC(C)(C)N,1.169269166,0
113,CN(C)C,0.406890608,0
